abort,T
break,T
case,T
ccase,T
check-type,T
clear-input,T
close,T
clrhash,T
continue,T
decf,T
define-method-combination,T
define-modify-macro,T
defparameter,T
defvar,T
delete,T
delete-duplicates,T
delete-if,T
delete-if-not,T
describe,T
ecase,T
error,T
export,T
file-position,T
fill,T
fresh-line,T
gensym,T
gentemp,T
get-dispatch-macro-character,T
get-macro-character,T
get-output-stream-string,T
import,T
in-package,T
incf,T
inspect,T
intersection,T
invalid-method-error,T
invoke-debugger,T
invoke-restart,T
invoke-restart-interactively,T
ldiff,T
loop-finish,T
makunbound,T
maphash,T
method-combination-error,T
muffle-warning,T
nconc,T
nintersection,T
nreconc,T
nreverse,T
nset-difference,T
nset-exclusive-or,T
nstring-capitalize,T
nstring-downcase,T
nstring-upcase,T
nsublis,T
nsubst,T
nsubst-if,T
nsubst-if-not,T
nsubstitute,T
nsubstitute-if,T
nsubstitute-if-not,T
nunion,T
otherwise,T
pop,T
pprint-fill,T
pprint-linear,T
pprint-newline,T
pprint-pop,T
pprint-tabular,T
provide,T
psetq,T
push,T
pushnew,T
random,T
read-byte,T
read-sequence,T
reinitialize-instance,T
remf,T
remhash,T
remove,T
remove-duplicates,T
remove-if,T
remove-if-not,T
remprop,T
replace,T
require,T
revappend,T
reverse,T
room,T
rplaca,T
rplacd,T
set,T
set-difference,T
set-dispatch-macro-character,T
set-exclusive-or,T
set-macro-character,T
set-syntax-from-char,T
shadow,T
shadowing-import,T
signal,T
sleep,T
store-value,T
string-capitalize,T
string-downcase,T
string-upcase,T
sublis,T
subst,T
subst-if,T
subst-if-not,T
substitute,T
substitute-if,T
substitute-if-not,T
tailp,T
terpri,T
trace,T
unexport,T
unintern,T
union,T
untrace,T
unuse-package,T
use-package,T
use-value,T
vector-pop,T
warn,T
with-input-from-string,T
with-open-file,T
with-open-stream,T
with-output-to-string,T
write-byte,T
write-char,T
write-sequence,T
y-or-n-p,T
yes-or-no-p,T
